date_id,day,month,year,quarter,month_name,day_name
2015-01-03,3,1,2015,1,January,Saturday
2015-01-04,4,1,2015,1,January,Sunday
2015-01-05,5,1,2015,1,January,Monday
2015-01-06,6,1,2015,1,January,Tuesday
2015-01-07,7,1,2015,1,January,Wednesday
2015-01-08,8,1,2015,1,January,Thursday
2015-01-09,9,1,2015,1,January,Friday
2015-01-10,10,1,2015,1,January,Saturday
2015-01-11,11,1,2015,1,January,Sunday
2015-01-12,12,1,2015,1,January,Monday
2015-01-13,13,1,2015,1,January,Tuesday
2015-01-14,14,1,2015,1,January,Wednesday
2015-01-15,15,1,2015,1,January,Thursday
2015-01-16,16,1,2015,1,January,Friday
2015-01-17,17,1,2015,1,January,Saturday
2015-01-18,18,1,2015,1,January,Sunday
2015-01-19,19,1,2015,1,January,Monday
2015-01-20,20,1,2015,1,January,Tuesday
2015-01-21,21,1,2015,1,January,Wednesday
2015-01-23,23,1,2015,1,January,Friday
2015-01-25,25,1,2015,1,January,Sunday
2015-01-26,26,1,2015,1,January,Monday
2015-01-27,27,1,2015,1,January,Tuesday
2015-01-28,28,1,2015,1,January,Wednesday
2015-01-29,29,1,2015,1,January,Thursday
2015-01-30,30,1,2015,1,January,Friday
2015-01-31,31,1,2015,1,January,Saturday
2015-02-01,1,2,2015,1,February,Sunday
2015-02-02,2,2,2015,1,February,Monday
2015-02-03,3,2,2015,1,February,Tuesday
2015-02-04,4,2,2015,1,February,Wednesday
2015-02-06,6,2,2015,1,February,Friday
2015-02-07,7,2,2015,1,February,Saturday
2015-02-08,8,2,2015,1,February,Sunday
2015-02-09,9,2,2015,1,February,Monday
2015-02-10,10,2,2015,1,February,Tuesday
2015-02-11,11,2,2015,1,February,Wednesday
2015-02-12,12,2,2015,1,February,Thursday
2015-02-14,14,2,2015,1,February,Saturday
2015-02-15,15,2,2015,1,February,Sunday
2015-02-16,16,2,2015,1,February,Monday
2015-02-17,17,2,2015,1,February,Tuesday
2015-02-18,18,2,2015,1,February,Wednesday
2015-02-19,19,2,2015,1,February,Thursday
2015-02-20,20,2,2015,1,February,Friday
2015-02-21,21,2,2015,1,February,Saturday
2015-02-22,22,2,2015,1,February,Sunday
2015-02-23,23,2,2015,1,February,Monday
2015-02-24,24,2,2015,1,February,Tuesday
2015-02-25,25,2,2015,1,February,Wednesday
2015-02-26,26,2,2015,1,February,Thursday
2015-02-27,27,2,2015,1,February,Friday
2015-03-01,1,3,2015,1,March,Sunday
2015-03-02,2,3,2015,1,March,Monday
2015-03-03,3,3,2015,1,March,Tuesday
2015-03-04,4,3,2015,1,March,Wednesday
2015-03-05,5,3,2015,1,March,Thursday
2015-03-06,6,3,2015,1,March,Friday
2015-03-07,7,3,2015,1,March,Saturday
2015-03-08,8,3,2015,1,March,Sunday
2015-03-09,9,3,2015,1,March,Monday
2015-03-10,10,3,2015,1,March,Tuesday
2015-03-11,11,3,2015,1,March,Wednesday
2015-03-12,12,3,2015,1,March,Thursday
2015-03-13,13,3,2015,1,March,Friday
2015-03-14,14,3,2015,1,March,Saturday
2015-03-15,15,3,2015,1,March,Sunday
2015-03-16,16,3,2015,1,March,Monday
2015-03-17,17,3,2015,1,March,Tuesday
2015-03-18,18,3,2015,1,March,Wednesday
2015-03-19,19,3,2015,1,March,Thursday
2015-03-20,20,3,2015,1,March,Friday
2015-03-21,21,3,2015,1,March,Saturday
2015-03-22,22,3,2015,1,March,Sunday
2015-03-23,23,3,2015,1,March,Monday
2015-03-24,24,3,2015,1,March,Tuesday
2015-03-25,25,3,2015,1,March,Wednesday
2015-03-26,26,3,2015,1,March,Thursday
2015-03-28,28,3,2015,1,March,Saturday
2015-03-29,29,3,2015,1,March,Sunday
2015-03-30,30,3,2015,1,March,Monday
2015-03-31,31,3,2015,1,March,Tuesday
2015-04-01,1,4,2015,2,April,Wednesday
2015-04-02,2,4,2015,2,April,Thursday
2015-04-03,3,4,2015,2,April,Friday
2015-04-04,4,4,2015,2,April,Saturday
2015-04-05,5,4,2015,2,April,Sunday
2015-04-06,6,4,2015,2,April,Monday
2015-04-07,7,4,2015,2,April,Tuesday
2015-04-08,8,4,2015,2,April,Wednesday
2015-04-09,9,4,2015,2,April,Thursday
2015-04-10,10,4,2015,2,April,Friday
2015-04-11,11,4,2015,2,April,Saturday
2015-04-12,12,4,2015,2,April,Sunday
2015-04-13,13,4,2015,2,April,Monday
2015-04-15,15,4,2015,2,April,Wednesday
2015-04-16,16,4,2015,2,April,Thursday
2015-04-17,17,4,2015,2,April,Friday
2015-04-18,18,4,2015,2,April,Saturday
2015-04-19,19,4,2015,2,April,Sunday
2015-04-20,20,4,2015,2,April,Monday
2015-04-21,21,4,2015,2,April,Tuesday
2015-04-22,22,4,2015,2,April,Wednesday
2015-04-23,23,4,2015,2,April,Thursday
2015-04-24,24,4,2015,2,April,Friday
2015-04-25,25,4,2015,2,April,Saturday
2015-04-26,26,4,2015,2,April,Sunday
2015-04-27,27,4,2015,2,April,Monday
2015-04-28,28,4,2015,2,April,Tuesday
2015-04-29,29,4,2015,2,April,Wednesday
2015-04-30,30,4,2015,2,April,Thursday
2015-05-01,1,5,2015,2,May,Friday
2015-05-02,2,5,2015,2,May,Saturday
2015-05-03,3,5,2015,2,May,Sunday
2015-05-04,4,5,2015,2,May,Monday
2015-05-05,5,5,2015,2,May,Tuesday
2015-05-06,6,5,2015,2,May,Wednesday
2015-05-07,7,5,2015,2,May,Thursday
2015-05-08,8,5,2015,2,May,Friday
2015-05-09,9,5,2015,2,May,Saturday
2015-05-10,10,5,2015,2,May,Sunday
2015-05-11,11,5,2015,2,May,Monday
2015-05-12,12,5,2015,2,May,Tuesday
2015-05-13,13,5,2015,2,May,Wednesday
2015-05-14,14,5,2015,2,May,Thursday
2015-05-15,15,5,2015,2,May,Friday
2015-05-16,16,5,2015,2,May,Saturday
2015-05-17,17,5,2015,2,May,Sunday
2015-05-18,18,5,2015,2,May,Monday
2015-05-19,19,5,2015,2,May,Tuesday
2015-05-20,20,5,2015,2,May,Wednesday
2015-05-21,21,5,2015,2,May,Thursday
2015-05-22,22,5,2015,2,May,Friday
2015-05-23,23,5,2015,2,May,Saturday
2015-05-24,24,5,2015,2,May,Sunday
2015-05-25,25,5,2015,2,May,Monday
2015-05-26,26,5,2015,2,May,Tuesday
2015-05-27,27,5,2015,2,May,Wednesday
2015-05-28,28,5,2015,2,May,Thursday
2015-05-29,29,5,2015,2,May,Friday
2015-05-30,30,5,2015,2,May,Saturday
2015-05-31,31,5,2015,2,May,Sunday
2015-06-01,1,6,2015,2,June,Monday
2015-06-02,2,6,2015,2,June,Tuesday
2015-06-03,3,6,2015,2,June,Wednesday
2015-06-04,4,6,2015,2,June,Thursday
2015-06-05,5,6,2015,2,June,Friday
2015-06-06,6,6,2015,2,June,Saturday
2015-06-07,7,6,2015,2,June,Sunday
2015-06-08,8,6,2015,2,June,Monday
2015-06-09,9,6,2015,2,June,Tuesday
2015-06-10,10,6,2015,2,June,Wednesday
2015-06-11,11,6,2015,2,June,Thursday
2015-06-12,12,6,2015,2,June,Friday
2015-06-13,13,6,2015,2,June,Saturday
2015-06-14,14,6,2015,2,June,Sunday
2015-06-15,15,6,2015,2,June,Monday
2015-06-16,16,6,2015,2,June,Tuesday
2015-06-17,17,6,2015,2,June,Wednesday
2015-06-18,18,6,2015,2,June,Thursday
2015-06-20,20,6,2015,2,June,Saturday
2015-06-21,21,6,2015,2,June,Sunday
2015-06-22,22,6,2015,2,June,Monday
2015-06-23,23,6,2015,2,June,Tuesday
2015-06-24,24,6,2015,2,June,Wednesday
2015-06-25,25,6,2015,2,June,Thursday
2015-06-26,26,6,2015,2,June,Friday
2015-06-27,27,6,2015,2,June,Saturday
2015-06-28,28,6,2015,2,June,Sunday
2015-06-29,29,6,2015,2,June,Monday
2015-06-30,30,6,2015,2,June,Tuesday
2015-07-01,1,7,2015,3,July,Wednesday
2015-07-02,2,7,2015,3,July,Thursday
2015-07-03,3,7,2015,3,July,Friday
2015-07-04,4,7,2015,3,July,Saturday
2015-07-05,5,7,2015,3,July,Sunday
2015-07-06,6,7,2015,3,July,Monday
2015-07-07,7,7,2015,3,July,Tuesday
2015-07-08,8,7,2015,3,July,Wednesday
2015-07-09,9,7,2015,3,July,Thursday
2015-07-10,10,7,2015,3,July,Friday
2015-07-11,11,7,2015,3,July,Saturday
2015-07-12,12,7,2015,3,July,Sunday
2015-07-13,13,7,2015,3,July,Monday
2015-07-14,14,7,2015,3,July,Tuesday
2015-07-15,15,7,2015,3,July,Wednesday
2015-07-16,16,7,2015,3,July,Thursday
2015-07-17,17,7,2015,3,July,Friday
2015-07-18,18,7,2015,3,July,Saturday
2015-07-19,19,7,2015,3,July,Sunday
2015-07-20,20,7,2015,3,July,Monday
2015-07-21,21,7,2015,3,July,Tuesday
2015-07-22,22,7,2015,3,July,Wednesday
2015-07-23,23,7,2015,3,July,Thursday
2015-07-24,24,7,2015,3,July,Friday
2015-07-25,25,7,2015,3,July,Saturday
2015-07-26,26,7,2015,3,July,Sunday
2015-07-27,27,7,2015,3,July,Monday
2015-07-28,28,7,2015,3,July,Tuesday
2015-07-29,29,7,2015,3,July,Wednesday
2015-07-30,30,7,2015,3,July,Thursday
2015-08-01,1,8,2015,3,August,Saturday
2015-08-02,2,8,2015,3,August,Sunday
2015-08-03,3,8,2015,3,August,Monday
2015-08-04,4,8,2015,3,August,Tuesday
2015-08-05,5,8,2015,3,August,Wednesday
2015-08-06,6,8,2015,3,August,Thursday
2015-08-07,7,8,2015,3,August,Friday
2015-08-08,8,8,2015,3,August,Saturday
2015-08-09,9,8,2015,3,August,Sunday
2015-08-10,10,8,2015,3,August,Monday
2015-08-11,11,8,2015,3,August,Tuesday
2015-08-12,12,8,2015,3,August,Wednesday
2015-08-13,13,8,2015,3,August,Thursday
2015-08-14,14,8,2015,3,August,Friday
2015-08-15,15,8,2015,3,August,Saturday
2015-08-16,16,8,2015,3,August,Sunday
2015-08-17,17,8,2015,3,August,Monday
2015-08-18,18,8,2015,3,August,Tuesday
2015-08-19,19,8,2015,3,August,Wednesday
2015-08-20,20,8,2015,3,August,Thursday
2015-08-21,21,8,2015,3,August,Friday
2015-08-22,22,8,2015,3,August,Saturday
2015-08-23,23,8,2015,3,August,Sunday
2015-08-24,24,8,2015,3,August,Monday
2015-08-25,25,8,2015,3,August,Tuesday
2015-08-26,26,8,2015,3,August,Wednesday
2015-08-27,27,8,2015,3,August,Thursday
2015-08-28,28,8,2015,3,August,Friday
2015-08-29,29,8,2015,3,August,Saturday
2015-08-30,30,8,2015,3,August,Sunday
2015-08-31,31,8,2015,3,August,Monday
2015-09-01,1,9,2015,3,September,Tuesday
2015-09-02,2,9,2015,3,September,Wednesday
2015-09-03,3,9,2015,3,September,Thursday
2015-09-04,4,9,2015,3,September,Friday
2015-09-05,5,9,2015,3,September,Saturday
2015-09-06,6,9,2015,3,September,Sunday
2015-09-07,7,9,2015,3,September,Monday
2015-09-08,8,9,2015,3,September,Tuesday
2015-09-09,9,9,2015,3,September,Wednesday
2015-09-10,10,9,2015,3,September,Thursday
2015-09-11,11,9,2015,3,September,Friday
2015-09-12,12,9,2015,3,September,Saturday
2015-09-13,13,9,2015,3,September,Sunday
2015-09-14,14,9,2015,3,September,Monday
2015-09-15,15,9,2015,3,September,Tuesday
2015-09-16,16,9,2015,3,September,Wednesday
2015-09-17,17,9,2015,3,September,Thursday
2015-09-18,18,9,2015,3,September,Friday
2015-09-19,19,9,2015,3,September,Saturday
2015-09-20,20,9,2015,3,September,Sunday
2015-09-21,21,9,2015,3,September,Monday
2015-09-22,22,9,2015,3,September,Tuesday
2015-09-23,23,9,2015,3,September,Wednesday
2015-09-24,24,9,2015,3,September,Thursday
2015-09-25,25,9,2015,3,September,Friday
2015-09-26,26,9,2015,3,September,Saturday
2015-09-27,27,9,2015,3,September,Sunday
2015-09-28,28,9,2015,3,September,Monday
2015-09-29,29,9,2015,3,September,Tuesday
2015-09-30,30,9,2015,3,September,Wednesday
2015-10-01,1,10,2015,4,October,Thursday
2015-10-02,2,10,2015,4,October,Friday
2015-10-03,3,10,2015,4,October,Saturday
2015-10-04,4,10,2015,4,October,Sunday
2015-10-05,5,10,2015,4,October,Monday
2015-10-06,6,10,2015,4,October,Tuesday
2015-10-07,7,10,2015,4,October,Wednesday
2015-10-08,8,10,2015,4,October,Thursday
2015-10-09,9,10,2015,4,October,Friday
2015-10-10,10,10,2015,4,October,Saturday
2015-10-11,11,10,2015,4,October,Sunday
2015-10-12,12,10,2015,4,October,Monday
2015-10-13,13,10,2015,4,October,Tuesday
2015-10-14,14,10,2015,4,October,Wednesday
2015-10-15,15,10,2015,4,October,Thursday
2015-10-16,16,10,2015,4,October,Friday
2015-10-17,17,10,2015,4,October,Saturday
2015-10-18,18,10,2015,4,October,Sunday
2015-10-19,19,10,2015,4,October,Monday
2015-10-20,20,10,2015,4,October,Tuesday
2015-10-21,21,10,2015,4,October,Wednesday
2015-10-22,22,10,2015,4,October,Thursday
2015-10-23,23,10,2015,4,October,Friday
2015-10-24,24,10,2015,4,October,Saturday
2015-10-25,25,10,2015,4,October,Sunday
2015-10-26,26,10,2015,4,October,Monday
2015-10-27,27,10,2015,4,October,Tuesday
2015-10-28,28,10,2015,4,October,Wednesday
2015-10-29,29,10,2015,4,October,Thursday
2015-10-30,30,10,2015,4,October,Friday
2015-10-31,31,10,2015,4,October,Saturday
2015-11-01,1,11,2015,4,November,Sunday
2015-11-02,2,11,2015,4,November,Monday
2015-11-03,3,11,2015,4,November,Tuesday
2015-11-04,4,11,2015,4,November,Wednesday
2015-11-05,5,11,2015,4,November,Thursday
2015-11-06,6,11,2015,4,November,Friday
2015-11-07,7,11,2015,4,November,Saturday
2015-11-08,8,11,2015,4,November,Sunday
2015-11-09,9,11,2015,4,November,Monday
2015-11-10,10,11,2015,4,November,Tuesday
2015-11-11,11,11,2015,4,November,Wednesday
2015-11-12,12,11,2015,4,November,Thursday
2015-11-13,13,11,2015,4,November,Friday
2015-11-14,14,11,2015,4,November,Saturday
2015-11-15,15,11,2015,4,November,Sunday
2015-11-16,16,11,2015,4,November,Monday
2015-11-17,17,11,2015,4,November,Tuesday
2015-11-18,18,11,2015,4,November,Wednesday
2015-11-19,19,11,2015,4,November,Thursday
2015-11-20,20,11,2015,4,November,Friday
2015-11-21,21,11,2015,4,November,Saturday
2015-11-22,22,11,2015,4,November,Sunday
2015-11-23,23,11,2015,4,November,Monday
2015-11-24,24,11,2015,4,November,Tuesday
2015-11-25,25,11,2015,4,November,Wednesday
2015-11-26,26,11,2015,4,November,Thursday
2015-11-27,27,11,2015,4,November,Friday
2015-11-28,28,11,2015,4,November,Saturday
2015-11-29,29,11,2015,4,November,Sunday
2015-11-30,30,11,2015,4,November,Monday
2015-12-01,1,12,2015,4,December,Tuesday
2015-12-02,2,12,2015,4,December,Wednesday
2015-12-03,3,12,2015,4,December,Thursday
2015-12-04,4,12,2015,4,December,Friday
2015-12-05,5,12,2015,4,December,Saturday
2015-12-06,6,12,2015,4,December,Sunday
2015-12-07,7,12,2015,4,December,Monday
2015-12-08,8,12,2015,4,December,Tuesday
2015-12-09,9,12,2015,4,December,Wednesday
2015-12-10,10,12,2015,4,December,Thursday
2015-12-11,11,12,2015,4,December,Friday
2015-12-12,12,12,2015,4,December,Saturday
2015-12-13,13,12,2015,4,December,Sunday
2015-12-14,14,12,2015,4,December,Monday
2015-12-15,15,12,2015,4,December,Tuesday
2015-12-16,16,12,2015,4,December,Wednesday
2015-12-17,17,12,2015,4,December,Thursday
2015-12-18,18,12,2015,4,December,Friday
2015-12-19,19,12,2015,4,December,Saturday
2015-12-20,20,12,2015,4,December,Sunday
2015-12-21,21,12,2015,4,December,Monday
2015-12-22,22,12,2015,4,December,Tuesday
2015-12-23,23,12,2015,4,December,Wednesday
2015-12-24,24,12,2015,4,December,Thursday
2015-12-25,25,12,2015,4,December,Friday
2015-12-26,26,12,2015,4,December,Saturday
2015-12-27,27,12,2015,4,December,Sunday
2015-12-28,28,12,2015,4,December,Monday
2015-12-29,29,12,2015,4,December,Tuesday
2015-12-30,30,12,2015,4,December,Wednesday
2015-12-31,31,12,2015,4,December,Thursday
2016-01-01,1,1,2016,1,January,Friday
2016-01-02,2,1,2016,1,January,Saturday
2016-01-03,3,1,2016,1,January,Sunday
2016-01-04,4,1,2016,1,January,Monday
2016-01-05,5,1,2016,1,January,Tuesday
2016-01-06,6,1,2016,1,January,Wednesday
2016-01-07,7,1,2016,1,January,Thursday
2016-01-08,8,1,2016,1,January,Friday
2016-01-09,9,1,2016,1,January,Saturday
2016-01-10,10,1,2016,1,January,Sunday
2016-01-12,12,1,2016,1,January,Tuesday
2016-01-13,13,1,2016,1,January,Wednesday
2016-01-15,15,1,2016,1,January,Friday
2016-01-17,17,1,2016,1,January,Sunday
2016-01-18,18,1,2016,1,January,Monday
2016-01-19,19,1,2016,1,January,Tuesday
2016-01-22,22,1,2016,1,January,Friday
2016-01-23,23,1,2016,1,January,Saturday
2016-01-24,24,1,2016,1,January,Sunday
2016-01-26,26,1,2016,1,January,Tuesday
2016-01-27,27,1,2016,1,January,Wednesday
2016-01-28,28,1,2016,1,January,Thursday
2016-01-29,29,1,2016,1,January,Friday
2016-01-30,30,1,2016,1,January,Saturday
2016-01-31,31,1,2016,1,January,Sunday
2016-02-01,1,2,2016,1,February,Monday
2016-02-03,3,2,2016,1,February,Wednesday
2016-02-04,4,2,2016,1,February,Thursday
2016-02-05,5,2,2016,1,February,Friday
2016-02-06,6,2,2016,1,February,Saturday
2016-02-07,7,2,2016,1,February,Sunday
2016-02-08,8,2,2016,1,February,Monday
2016-02-09,9,2,2016,1,February,Tuesday
2016-02-10,10,2,2016,1,February,Wednesday
2016-02-11,11,2,2016,1,February,Thursday
2016-02-13,13,2,2016,1,February,Saturday
2016-02-14,14,2,2016,1,February,Sunday
2016-02-15,15,2,2016,1,February,Monday
2016-02-16,16,2,2016,1,February,Tuesday
2016-02-18,18,2,2016,1,February,Thursday
2016-02-19,19,2,2016,1,February,Friday
2016-02-20,20,2,2016,1,February,Saturday
2016-02-21,21,2,2016,1,February,Sunday
2016-02-22,22,2,2016,1,February,Monday
2016-02-23,23,2,2016,1,February,Tuesday
2016-02-24,24,2,2016,1,February,Wednesday
2016-02-25,25,2,2016,1,February,Thursday
2016-02-27,27,2,2016,1,February,Saturday
2016-02-28,28,2,2016,1,February,Sunday
2016-03-01,1,3,2016,1,March,Tuesday
2016-03-02,2,3,2016,1,March,Wednesday
2016-03-03,3,3,2016,1,March,Thursday
2016-03-04,4,3,2016,1,March,Friday
2016-03-05,5,3,2016,1,March,Saturday
2016-03-06,6,3,2016,1,March,Sunday
2016-03-07,7,3,2016,1,March,Monday
2016-03-08,8,3,2016,1,March,Tuesday
2016-03-09,9,3,2016,1,March,Wednesday
2016-03-10,10,3,2016,1,March,Thursday
2016-03-11,11,3,2016,1,March,Friday
2016-03-12,12,3,2016,1,March,Saturday
2016-03-13,13,3,2016,1,March,Sunday
2016-03-14,14,3,2016,1,March,Monday
2016-03-15,15,3,2016,1,March,Tuesday
2016-03-16,16,3,2016,1,March,Wednesday
2016-03-17,17,3,2016,1,March,Thursday
2016-03-18,18,3,2016,1,March,Friday
2016-03-19,19,3,2016,1,March,Saturday
2016-03-20,20,3,2016,1,March,Sunday
2016-03-21,21,3,2016,1,March,Monday
2016-03-22,22,3,2016,1,March,Tuesday
2016-03-23,23,3,2016,1,March,Wednesday
2016-03-24,24,3,2016,1,March,Thursday
2016-03-25,25,3,2016,1,March,Friday
2016-03-26,26,3,2016,1,March,Saturday
2016-03-27,27,3,2016,1,March,Sunday
2016-03-28,28,3,2016,1,March,Monday
2016-03-29,29,3,2016,1,March,Tuesday
2016-03-30,30,3,2016,1,March,Wednesday
2016-03-31,31,3,2016,1,March,Thursday
2016-04-02,2,4,2016,2,April,Saturday
2016-04-03,3,4,2016,2,April,Sunday
2016-04-04,4,4,2016,2,April,Monday
2016-04-05,5,4,2016,2,April,Tuesday
2016-04-06,6,4,2016,2,April,Wednesday
2016-04-07,7,4,2016,2,April,Thursday
2016-04-08,8,4,2016,2,April,Friday
2016-04-09,9,4,2016,2,April,Saturday
2016-04-10,10,4,2016,2,April,Sunday
2016-04-11,11,4,2016,2,April,Monday
2016-04-13,13,4,2016,2,April,Wednesday
2016-04-14,14,4,2016,2,April,Thursday
2016-04-15,15,4,2016,2,April,Friday
2016-04-16,16,4,2016,2,April,Saturday
2016-04-17,17,4,2016,2,April,Sunday
2016-04-18,18,4,2016,2,April,Monday
2016-04-19,19,4,2016,2,April,Tuesday
2016-04-20,20,4,2016,2,April,Wednesday
2016-04-21,21,4,2016,2,April,Thursday
2016-04-22,22,4,2016,2,April,Friday
2016-04-23,23,4,2016,2,April,Saturday
2016-04-24,24,4,2016,2,April,Sunday
2016-04-25,25,4,2016,2,April,Monday
2016-04-26,26,4,2016,2,April,Tuesday
2016-04-27,27,4,2016,2,April,Wednesday
2016-04-28,28,4,2016,2,April,Thursday
2016-04-29,29,4,2016,2,April,Friday
2016-04-30,30,4,2016,2,April,Saturday
2016-05-01,1,5,2016,2,May,Sunday
2016-05-02,2,5,2016,2,May,Monday
2016-05-03,3,5,2016,2,May,Tuesday
2016-05-04,4,5,2016,2,May,Wednesday
2016-05-05,5,5,2016,2,May,Thursday
2016-05-06,6,5,2016,2,May,Friday
2016-05-07,7,5,2016,2,May,Saturday
2016-05-08,8,5,2016,2,May,Sunday
2016-05-09,9,5,2016,2,May,Monday
2016-05-10,10,5,2016,2,May,Tuesday
2016-05-11,11,5,2016,2,May,Wednesday
2016-05-12,12,5,2016,2,May,Thursday
2016-05-13,13,5,2016,2,May,Friday
2016-05-14,14,5,2016,2,May,Saturday
2016-05-15,15,5,2016,2,May,Sunday
2016-05-16,16,5,2016,2,May,Monday
2016-05-17,17,5,2016,2,May,Tuesday
2016-05-18,18,5,2016,2,May,Wednesday
2016-05-19,19,5,2016,2,May,Thursday
2016-05-20,20,5,2016,2,May,Friday
2016-05-21,21,5,2016,2,May,Saturday
2016-05-22,22,5,2016,2,May,Sunday
2016-05-23,23,5,2016,2,May,Monday
2016-05-24,24,5,2016,2,May,Tuesday
2016-05-25,25,5,2016,2,May,Wednesday
2016-05-26,26,5,2016,2,May,Thursday
2016-05-27,27,5,2016,2,May,Friday
2016-05-28,28,5,2016,2,May,Saturday
2016-05-29,29,5,2016,2,May,Sunday
2016-05-30,30,5,2016,2,May,Monday
2016-05-31,31,5,2016,2,May,Tuesday
2016-06-01,1,6,2016,2,June,Wednesday
2016-06-02,2,6,2016,2,June,Thursday
2016-06-03,3,6,2016,2,June,Friday
2016-06-04,4,6,2016,2,June,Saturday
2016-06-05,5,6,2016,2,June,Sunday
2016-06-07,7,6,2016,2,June,Tuesday
2016-06-08,8,6,2016,2,June,Wednesday
2016-06-09,9,6,2016,2,June,Thursday
2016-06-10,10,6,2016,2,June,Friday
2016-06-11,11,6,2016,2,June,Saturday
2016-06-12,12,6,2016,2,June,Sunday
2016-06-13,13,6,2016,2,June,Monday
2016-06-14,14,6,2016,2,June,Tuesday
2016-06-15,15,6,2016,2,June,Wednesday
2016-06-16,16,6,2016,2,June,Thursday
2016-06-17,17,6,2016,2,June,Friday
2016-06-18,18,6,2016,2,June,Saturday
2016-06-19,19,6,2016,2,June,Sunday
2016-06-20,20,6,2016,2,June,Monday
2016-06-21,21,6,2016,2,June,Tuesday
2016-06-22,22,6,2016,2,June,Wednesday
2016-06-23,23,6,2016,2,June,Thursday
2016-06-24,24,6,2016,2,June,Friday
2016-06-25,25,6,2016,2,June,Saturday
2016-06-26,26,6,2016,2,June,Sunday
2016-06-27,27,6,2016,2,June,Monday
2016-06-28,28,6,2016,2,June,Tuesday
2016-06-29,29,6,2016,2,June,Wednesday
2016-06-30,30,6,2016,2,June,Thursday
2016-07-01,1,7,2016,3,July,Friday
2016-07-02,2,7,2016,3,July,Saturday
2016-07-03,3,7,2016,3,July,Sunday
2016-07-04,4,7,2016,3,July,Monday
2016-07-05,5,7,2016,3,July,Tuesday
2016-07-06,6,7,2016,3,July,Wednesday
2016-07-08,8,7,2016,3,July,Friday
2016-07-09,9,7,2016,3,July,Saturday
2016-07-10,10,7,2016,3,July,Sunday
2016-07-11,11,7,2016,3,July,Monday
2016-07-12,12,7,2016,3,July,Tuesday
2016-07-13,13,7,2016,3,July,Wednesday
2016-07-14,14,7,2016,3,July,Thursday
2016-07-15,15,7,2016,3,July,Friday
2016-07-16,16,7,2016,3,July,Saturday
2016-07-17,17,7,2016,3,July,Sunday
2016-07-18,18,7,2016,3,July,Monday
2016-07-19,19,7,2016,3,July,Tuesday
2016-07-20,20,7,2016,3,July,Wednesday
2016-07-21,21,7,2016,3,July,Thursday
2016-07-22,22,7,2016,3,July,Friday
2016-07-23,23,7,2016,3,July,Saturday
2016-07-24,24,7,2016,3,July,Sunday
2016-07-25,25,7,2016,3,July,Monday
2016-07-26,26,7,2016,3,July,Tuesday
2016-07-27,27,7,2016,3,July,Wednesday
2016-07-28,28,7,2016,3,July,Thursday
2016-07-29,29,7,2016,3,July,Friday
2016-07-30,30,7,2016,3,July,Saturday
2016-07-31,31,7,2016,3,July,Sunday
2016-08-01,1,8,2016,3,August,Monday
2016-08-02,2,8,2016,3,August,Tuesday
2016-08-03,3,8,2016,3,August,Wednesday
2016-08-05,5,8,2016,3,August,Friday
2016-08-06,6,8,2016,3,August,Saturday
2016-08-07,7,8,2016,3,August,Sunday
2016-08-08,8,8,2016,3,August,Monday
2016-08-09,9,8,2016,3,August,Tuesday
2016-08-10,10,8,2016,3,August,Wednesday
2016-08-11,11,8,2016,3,August,Thursday
2016-08-12,12,8,2016,3,August,Friday
2016-08-13,13,8,2016,3,August,Saturday
2016-08-14,14,8,2016,3,August,Sunday
2016-08-15,15,8,2016,3,August,Monday
2016-08-16,16,8,2016,3,August,Tuesday
2016-08-17,17,8,2016,3,August,Wednesday
2016-08-19,19,8,2016,3,August,Friday
2016-08-20,20,8,2016,3,August,Saturday
2016-08-21,21,8,2016,3,August,Sunday
2016-08-22,22,8,2016,3,August,Monday
2016-08-23,23,8,2016,3,August,Tuesday
2016-08-24,24,8,2016,3,August,Wednesday
2016-08-25,25,8,2016,3,August,Thursday
2016-08-26,26,8,2016,3,August,Friday
2016-08-27,27,8,2016,3,August,Saturday
2016-08-28,28,8,2016,3,August,Sunday
2016-08-29,29,8,2016,3,August,Monday
2016-08-30,30,8,2016,3,August,Tuesday
2016-08-31,31,8,2016,3,August,Wednesday
2016-09-01,1,9,2016,3,September,Thursday
2016-09-02,2,9,2016,3,September,Friday
2016-09-03,3,9,2016,3,September,Saturday
2016-09-04,4,9,2016,3,September,Sunday
2016-09-05,5,9,2016,3,September,Monday
2016-09-06,6,9,2016,3,September,Tuesday
2016-09-07,7,9,2016,3,September,Wednesday
2016-09-08,8,9,2016,3,September,Thursday
2016-09-09,9,9,2016,3,September,Friday
2016-09-10,10,9,2016,3,September,Saturday
2016-09-11,11,9,2016,3,September,Sunday
2016-09-12,12,9,2016,3,September,Monday
2016-09-13,13,9,2016,3,September,Tuesday
2016-09-14,14,9,2016,3,September,Wednesday
2016-09-15,15,9,2016,3,September,Thursday
2016-09-16,16,9,2016,3,September,Friday
2016-09-17,17,9,2016,3,September,Saturday
2016-09-18,18,9,2016,3,September,Sunday
2016-09-19,19,9,2016,3,September,Monday
2016-09-20,20,9,2016,3,September,Tuesday
2016-09-21,21,9,2016,3,September,Wednesday
2016-09-22,22,9,2016,3,September,Thursday
2016-09-23,23,9,2016,3,September,Friday
2016-09-24,24,9,2016,3,September,Saturday
2016-09-25,25,9,2016,3,September,Sunday
2016-09-26,26,9,2016,3,September,Monday
2016-09-27,27,9,2016,3,September,Tuesday
2016-09-28,28,9,2016,3,September,Wednesday
2016-09-29,29,9,2016,3,September,Thursday
2016-09-30,30,9,2016,3,September,Friday
2016-10-01,1,10,2016,4,October,Saturday
2016-10-02,2,10,2016,4,October,Sunday
2016-10-03,3,10,2016,4,October,Monday
2016-10-04,4,10,2016,4,October,Tuesday
2016-10-05,5,10,2016,4,October,Wednesday
2016-10-06,6,10,2016,4,October,Thursday
2016-10-07,7,10,2016,4,October,Friday
2016-10-08,8,10,2016,4,October,Saturday
2016-10-09,9,10,2016,4,October,Sunday
2016-10-10,10,10,2016,4,October,Monday
2016-10-11,11,10,2016,4,October,Tuesday
2016-10-12,12,10,2016,4,October,Wednesday
2016-10-13,13,10,2016,4,October,Thursday
2016-10-14,14,10,2016,4,October,Friday
2016-10-15,15,10,2016,4,October,Saturday
2016-10-16,16,10,2016,4,October,Sunday
2016-10-17,17,10,2016,4,October,Monday
2016-10-18,18,10,2016,4,October,Tuesday
2016-10-19,19,10,2016,4,October,Wednesday
2016-10-20,20,10,2016,4,October,Thursday
2016-10-22,22,10,2016,4,October,Saturday
2016-10-23,23,10,2016,4,October,Sunday
2016-10-24,24,10,2016,4,October,Monday
2016-10-25,25,10,2016,4,October,Tuesday
2016-10-26,26,10,2016,4,October,Wednesday
2016-10-27,27,10,2016,4,October,Thursday
2016-10-28,28,10,2016,4,October,Friday
2016-10-29,29,10,2016,4,October,Saturday
2016-10-30,30,10,2016,4,October,Sunday
2016-10-31,31,10,2016,4,October,Monday
2016-11-01,1,11,2016,4,November,Tuesday
2016-11-02,2,11,2016,4,November,Wednesday
2016-11-03,3,11,2016,4,November,Thursday
2016-11-04,4,11,2016,4,November,Friday
2016-11-05,5,11,2016,4,November,Saturday
2016-11-06,6,11,2016,4,November,Sunday
2016-11-07,7,11,2016,4,November,Monday
2016-11-08,8,11,2016,4,November,Tuesday
2016-11-09,9,11,2016,4,November,Wednesday
2016-11-10,10,11,2016,4,November,Thursday
2016-11-11,11,11,2016,4,November,Friday
2016-11-12,12,11,2016,4,November,Saturday
2016-11-13,13,11,2016,4,November,Sunday
2016-11-14,14,11,2016,4,November,Monday
2016-11-15,15,11,2016,4,November,Tuesday
2016-11-16,16,11,2016,4,November,Wednesday
2016-11-17,17,11,2016,4,November,Thursday
2016-11-18,18,11,2016,4,November,Friday
2016-11-19,19,11,2016,4,November,Saturday
2016-11-20,20,11,2016,4,November,Sunday
2016-11-21,21,11,2016,4,November,Monday
2016-11-22,22,11,2016,4,November,Tuesday
2016-11-23,23,11,2016,4,November,Wednesday
2016-11-24,24,11,2016,4,November,Thursday
2016-11-25,25,11,2016,4,November,Friday
2016-11-26,26,11,2016,4,November,Saturday
2016-11-27,27,11,2016,4,November,Sunday
2016-11-28,28,11,2016,4,November,Monday
2016-11-29,29,11,2016,4,November,Tuesday
2016-11-30,30,11,2016,4,November,Wednesday
2016-12-01,1,12,2016,4,December,Thursday
2016-12-02,2,12,2016,4,December,Friday
2016-12-03,3,12,2016,4,December,Saturday
2016-12-04,4,12,2016,4,December,Sunday
2016-12-05,5,12,2016,4,December,Monday
2016-12-06,6,12,2016,4,December,Tuesday
2016-12-07,7,12,2016,4,December,Wednesday
2016-12-08,8,12,2016,4,December,Thursday
2016-12-09,9,12,2016,4,December,Friday
2016-12-10,10,12,2016,4,December,Saturday
2016-12-11,11,12,2016,4,December,Sunday
2016-12-12,12,12,2016,4,December,Monday
2016-12-13,13,12,2016,4,December,Tuesday
2016-12-14,14,12,2016,4,December,Wednesday
2016-12-15,15,12,2016,4,December,Thursday
2016-12-16,16,12,2016,4,December,Friday
2016-12-17,17,12,2016,4,December,Saturday
2016-12-18,18,12,2016,4,December,Sunday
2016-12-19,19,12,2016,4,December,Monday
2016-12-20,20,12,2016,4,December,Tuesday
2016-12-21,21,12,2016,4,December,Wednesday
2016-12-22,22,12,2016,4,December,Thursday
2016-12-23,23,12,2016,4,December,Friday
2016-12-24,24,12,2016,4,December,Saturday
2016-12-25,25,12,2016,4,December,Sunday
2016-12-26,26,12,2016,4,December,Monday
2016-12-27,27,12,2016,4,December,Tuesday
2016-12-28,28,12,2016,4,December,Wednesday
2016-12-29,29,12,2016,4,December,Thursday
2016-12-30,30,12,2016,4,December,Friday
2016-12-31,31,12,2016,4,December,Saturday
2017-01-01,1,1,2017,1,January,Sunday
2017-01-02,2,1,2017,1,January,Monday
2017-01-03,3,1,2017,1,January,Tuesday
2017-01-04,4,1,2017,1,January,Wednesday
2017-01-05,5,1,2017,1,January,Thursday
2017-01-07,7,1,2017,1,January,Saturday
2017-01-08,8,1,2017,1,January,Sunday
2017-01-09,9,1,2017,1,January,Monday
2017-01-10,10,1,2017,1,January,Tuesday
2017-01-11,11,1,2017,1,January,Wednesday
2017-01-12,12,1,2017,1,January,Thursday
2017-01-13,13,1,2017,1,January,Friday
2017-01-14,14,1,2017,1,January,Saturday
2017-01-15,15,1,2017,1,January,Sunday
2017-01-16,16,1,2017,1,January,Monday
2017-01-17,17,1,2017,1,January,Tuesday
2017-01-19,19,1,2017,1,January,Thursday
2017-01-20,20,1,2017,1,January,Friday
2017-01-21,21,1,2017,1,January,Saturday
2017-01-22,22,1,2017,1,January,Sunday
2017-01-23,23,1,2017,1,January,Monday
2017-01-24,24,1,2017,1,January,Tuesday
2017-01-25,25,1,2017,1,January,Wednesday
2017-01-26,26,1,2017,1,January,Thursday
2017-01-27,27,1,2017,1,January,Friday
2017-01-28,28,1,2017,1,January,Saturday
2017-01-29,29,1,2017,1,January,Sunday
2017-01-30,30,1,2017,1,January,Monday
2017-01-31,31,1,2017,1,January,Tuesday
2017-02-01,1,2,2017,1,February,Wednesday
2017-02-02,2,2,2017,1,February,Thursday
2017-02-03,3,2,2017,1,February,Friday
2017-02-04,4,2,2017,1,February,Saturday
2017-02-05,5,2,2017,1,February,Sunday
2017-02-06,6,2,2017,1,February,Monday
2017-02-07,7,2,2017,1,February,Tuesday
2017-02-08,8,2,2017,1,February,Wednesday
2017-02-09,9,2,2017,1,February,Thursday
2017-02-10,10,2,2017,1,February,Friday
2017-02-11,11,2,2017,1,February,Saturday
2017-02-12,12,2,2017,1,February,Sunday
2017-02-13,13,2,2017,1,February,Monday
2017-02-14,14,2,2017,1,February,Tuesday
2017-02-15,15,2,2017,1,February,Wednesday
2017-02-16,16,2,2017,1,February,Thursday
2017-02-18,18,2,2017,1,February,Saturday
2017-02-19,19,2,2017,1,February,Sunday
2017-02-20,20,2,2017,1,February,Monday
2017-02-21,21,2,2017,1,February,Tuesday
2017-02-22,22,2,2017,1,February,Wednesday
2017-02-23,23,2,2017,1,February,Thursday
2017-02-24,24,2,2017,1,February,Friday
2017-02-25,25,2,2017,1,February,Saturday
2017-02-26,26,2,2017,1,February,Sunday
2017-02-27,27,2,2017,1,February,Monday
2017-02-28,28,2,2017,1,February,Tuesday
2017-03-01,1,3,2017,1,March,Wednesday
2017-03-02,2,3,2017,1,March,Thursday
2017-03-03,3,3,2017,1,March,Friday
2017-03-04,4,3,2017,1,March,Saturday
2017-03-05,5,3,2017,1,March,Sunday
2017-03-06,6,3,2017,1,March,Monday
2017-03-07,7,3,2017,1,March,Tuesday
2017-03-08,8,3,2017,1,March,Wednesday
2017-03-09,9,3,2017,1,March,Thursday
2017-03-10,10,3,2017,1,March,Friday
2017-03-11,11,3,2017,1,March,Saturday
2017-03-12,12,3,2017,1,March,Sunday
2017-03-13,13,3,2017,1,March,Monday
2017-03-14,14,3,2017,1,March,Tuesday
2017-03-15,15,3,2017,1,March,Wednesday
2017-03-16,16,3,2017,1,March,Thursday
2017-03-17,17,3,2017,1,March,Friday
2017-03-18,18,3,2017,1,March,Saturday
2017-03-19,19,3,2017,1,March,Sunday
2017-03-20,20,3,2017,1,March,Monday
2017-03-21,21,3,2017,1,March,Tuesday
2017-03-22,22,3,2017,1,March,Wednesday
2017-03-23,23,3,2017,1,March,Thursday
2017-03-24,24,3,2017,1,March,Friday
2017-03-25,25,3,2017,1,March,Saturday
2017-03-26,26,3,2017,1,March,Sunday
2017-03-27,27,3,2017,1,March,Monday
2017-03-28,28,3,2017,1,March,Tuesday
2017-03-29,29,3,2017,1,March,Wednesday
2017-03-30,30,3,2017,1,March,Thursday
2017-03-31,31,3,2017,1,March,Friday
2017-04-01,1,4,2017,2,April,Saturday
2017-04-02,2,4,2017,2,April,Sunday
2017-04-03,3,4,2017,2,April,Monday
2017-04-04,4,4,2017,2,April,Tuesday
2017-04-05,5,4,2017,2,April,Wednesday
2017-04-06,6,4,2017,2,April,Thursday
2017-04-07,7,4,2017,2,April,Friday
2017-04-08,8,4,2017,2,April,Saturday
2017-04-09,9,4,2017,2,April,Sunday
2017-04-10,10,4,2017,2,April,Monday
2017-04-11,11,4,2017,2,April,Tuesday
2017-04-12,12,4,2017,2,April,Wednesday
2017-04-13,13,4,2017,2,April,Thursday
2017-04-14,14,4,2017,2,April,Friday
2017-04-15,15,4,2017,2,April,Saturday
2017-04-16,16,4,2017,2,April,Sunday
2017-04-17,17,4,2017,2,April,Monday
2017-04-18,18,4,2017,2,April,Tuesday
2017-04-19,19,4,2017,2,April,Wednesday
2017-04-20,20,4,2017,2,April,Thursday
2017-04-21,21,4,2017,2,April,Friday
2017-04-22,22,4,2017,2,April,Saturday
2017-04-23,23,4,2017,2,April,Sunday
2017-04-24,24,4,2017,2,April,Monday
2017-04-25,25,4,2017,2,April,Tuesday
2017-04-26,26,4,2017,2,April,Wednesday
2017-04-27,27,4,2017,2,April,Thursday
2017-04-28,28,4,2017,2,April,Friday
2017-04-29,29,4,2017,2,April,Saturday
2017-04-30,30,4,2017,2,April,Sunday
2017-05-01,1,5,2017,2,May,Monday
2017-05-02,2,5,2017,2,May,Tuesday
2017-05-03,3,5,2017,2,May,Wednesday
2017-05-04,4,5,2017,2,May,Thursday
2017-05-05,5,5,2017,2,May,Friday
2017-05-06,6,5,2017,2,May,Saturday
2017-05-07,7,5,2017,2,May,Sunday
2017-05-08,8,5,2017,2,May,Monday
2017-05-09,9,5,2017,2,May,Tuesday
2017-05-10,10,5,2017,2,May,Wednesday
2017-05-11,11,5,2017,2,May,Thursday
2017-05-12,12,5,2017,2,May,Friday
2017-05-13,13,5,2017,2,May,Saturday
2017-05-14,14,5,2017,2,May,Sunday
2017-05-15,15,5,2017,2,May,Monday
2017-05-16,16,5,2017,2,May,Tuesday
2017-05-17,17,5,2017,2,May,Wednesday
2017-05-18,18,5,2017,2,May,Thursday
2017-05-19,19,5,2017,2,May,Friday
2017-05-20,20,5,2017,2,May,Saturday
2017-05-21,21,5,2017,2,May,Sunday
2017-05-22,22,5,2017,2,May,Monday
2017-05-23,23,5,2017,2,May,Tuesday
2017-05-24,24,5,2017,2,May,Wednesday
2017-05-25,25,5,2017,2,May,Thursday
2017-05-26,26,5,2017,2,May,Friday
2017-05-27,27,5,2017,2,May,Saturday
2017-05-28,28,5,2017,2,May,Sunday
2017-05-29,29,5,2017,2,May,Monday
2017-05-30,30,5,2017,2,May,Tuesday
2017-05-31,31,5,2017,2,May,Wednesday
2017-06-01,1,6,2017,2,June,Thursday
2017-06-02,2,6,2017,2,June,Friday
2017-06-03,3,6,2017,2,June,Saturday
2017-06-04,4,6,2017,2,June,Sunday
2017-06-05,5,6,2017,2,June,Monday
2017-06-06,6,6,2017,2,June,Tuesday
2017-06-07,7,6,2017,2,June,Wednesday
2017-06-09,9,6,2017,2,June,Friday
2017-06-10,10,6,2017,2,June,Saturday
2017-06-11,11,6,2017,2,June,Sunday
2017-06-12,12,6,2017,2,June,Monday
2017-06-13,13,6,2017,2,June,Tuesday
2017-06-14,14,6,2017,2,June,Wednesday
2017-06-15,15,6,2017,2,June,Thursday
2017-06-16,16,6,2017,2,June,Friday
2017-06-17,17,6,2017,2,June,Saturday
2017-06-18,18,6,2017,2,June,Sunday
2017-06-19,19,6,2017,2,June,Monday
2017-06-20,20,6,2017,2,June,Tuesday
2017-06-21,21,6,2017,2,June,Wednesday
2017-06-22,22,6,2017,2,June,Thursday
2017-06-23,23,6,2017,2,June,Friday
2017-06-24,24,6,2017,2,June,Saturday
2017-06-25,25,6,2017,2,June,Sunday
2017-06-26,26,6,2017,2,June,Monday
2017-06-27,27,6,2017,2,June,Tuesday
2017-06-28,28,6,2017,2,June,Wednesday
2017-06-29,29,6,2017,2,June,Thursday
2017-06-30,30,6,2017,2,June,Friday
2017-07-01,1,7,2017,3,July,Saturday
2017-07-02,2,7,2017,3,July,Sunday
2017-07-03,3,7,2017,3,July,Monday
2017-07-04,4,7,2017,3,July,Tuesday
2017-07-06,6,7,2017,3,July,Thursday
2017-07-07,7,7,2017,3,July,Friday
2017-07-08,8,7,2017,3,July,Saturday
2017-07-09,9,7,2017,3,July,Sunday
2017-07-10,10,7,2017,3,July,Monday
2017-07-11,11,7,2017,3,July,Tuesday
2017-07-12,12,7,2017,3,July,Wednesday
2017-07-13,13,7,2017,3,July,Thursday
2017-07-14,14,7,2017,3,July,Friday
2017-07-15,15,7,2017,3,July,Saturday
2017-07-16,16,7,2017,3,July,Sunday
2017-07-17,17,7,2017,3,July,Monday
2017-07-18,18,7,2017,3,July,Tuesday
2017-07-19,19,7,2017,3,July,Wednesday
2017-07-20,20,7,2017,3,July,Thursday
2017-07-21,21,7,2017,3,July,Friday
2017-07-22,22,7,2017,3,July,Saturday
2017-07-23,23,7,2017,3,July,Sunday
2017-07-24,24,7,2017,3,July,Monday
2017-07-25,25,7,2017,3,July,Tuesday
2017-07-26,26,7,2017,3,July,Wednesday
2017-07-27,27,7,2017,3,July,Thursday
2017-07-28,28,7,2017,3,July,Friday
2017-07-29,29,7,2017,3,July,Saturday
2017-07-30,30,7,2017,3,July,Sunday
2017-07-31,31,7,2017,3,July,Monday
2017-08-01,1,8,2017,3,August,Tuesday
2017-08-02,2,8,2017,3,August,Wednesday
2017-08-03,3,8,2017,3,August,Thursday
2017-08-04,4,8,2017,3,August,Friday
2017-08-05,5,8,2017,3,August,Saturday
2017-08-06,6,8,2017,3,August,Sunday
2017-08-07,7,8,2017,3,August,Monday
2017-08-08,8,8,2017,3,August,Tuesday
2017-08-09,9,8,2017,3,August,Wednesday
2017-08-10,10,8,2017,3,August,Thursday
2017-08-11,11,8,2017,3,August,Friday
2017-08-12,12,8,2017,3,August,Saturday
2017-08-13,13,8,2017,3,August,Sunday
2017-08-14,14,8,2017,3,August,Monday
2017-08-15,15,8,2017,3,August,Tuesday
2017-08-16,16,8,2017,3,August,Wednesday
2017-08-17,17,8,2017,3,August,Thursday
2017-08-18,18,8,2017,3,August,Friday
2017-08-19,19,8,2017,3,August,Saturday
2017-08-20,20,8,2017,3,August,Sunday
2017-08-21,21,8,2017,3,August,Monday
2017-08-22,22,8,2017,3,August,Tuesday
2017-08-23,23,8,2017,3,August,Wednesday
2017-08-24,24,8,2017,3,August,Thursday
2017-08-26,26,8,2017,3,August,Saturday
2017-08-27,27,8,2017,3,August,Sunday
2017-08-28,28,8,2017,3,August,Monday
2017-08-29,29,8,2017,3,August,Tuesday
2017-08-30,30,8,2017,3,August,Wednesday
2017-08-31,31,8,2017,3,August,Thursday
2017-09-01,1,9,2017,3,September,Friday
2017-09-02,2,9,2017,3,September,Saturday
2017-09-03,3,9,2017,3,September,Sunday
2017-09-04,4,9,2017,3,September,Monday
2017-09-05,5,9,2017,3,September,Tuesday
2017-09-06,6,9,2017,3,September,Wednesday
2017-09-07,7,9,2017,3,September,Thursday
2017-09-08,8,9,2017,3,September,Friday
2017-09-09,9,9,2017,3,September,Saturday
2017-09-10,10,9,2017,3,September,Sunday
2017-09-11,11,9,2017,3,September,Monday
2017-09-12,12,9,2017,3,September,Tuesday
2017-09-13,13,9,2017,3,September,Wednesday
2017-09-14,14,9,2017,3,September,Thursday
2017-09-15,15,9,2017,3,September,Friday
2017-09-16,16,9,2017,3,September,Saturday
2017-09-17,17,9,2017,3,September,Sunday
2017-09-18,18,9,2017,3,September,Monday
2017-09-19,19,9,2017,3,September,Tuesday
2017-09-20,20,9,2017,3,September,Wednesday
2017-09-21,21,9,2017,3,September,Thursday
2017-09-22,22,9,2017,3,September,Friday
2017-09-23,23,9,2017,3,September,Saturday
2017-09-24,24,9,2017,3,September,Sunday
2017-09-25,25,9,2017,3,September,Monday
2017-09-26,26,9,2017,3,September,Tuesday
2017-09-27,27,9,2017,3,September,Wednesday
2017-09-28,28,9,2017,3,September,Thursday
2017-09-29,29,9,2017,3,September,Friday
2017-09-30,30,9,2017,3,September,Saturday
2017-10-01,1,10,2017,4,October,Sunday
2017-10-02,2,10,2017,4,October,Monday
2017-10-03,3,10,2017,4,October,Tuesday
2017-10-04,4,10,2017,4,October,Wednesday
2017-10-05,5,10,2017,4,October,Thursday
2017-10-06,6,10,2017,4,October,Friday
2017-10-07,7,10,2017,4,October,Saturday
2017-10-08,8,10,2017,4,October,Sunday
2017-10-09,9,10,2017,4,October,Monday
2017-10-10,10,10,2017,4,October,Tuesday
2017-10-11,11,10,2017,4,October,Wednesday
2017-10-12,12,10,2017,4,October,Thursday
2017-10-13,13,10,2017,4,October,Friday
2017-10-14,14,10,2017,4,October,Saturday
2017-10-15,15,10,2017,4,October,Sunday
2017-10-16,16,10,2017,4,October,Monday
2017-10-17,17,10,2017,4,October,Tuesday
2017-10-18,18,10,2017,4,October,Wednesday
2017-10-19,19,10,2017,4,October,Thursday
2017-10-20,20,10,2017,4,October,Friday
2017-10-21,21,10,2017,4,October,Saturday
2017-10-22,22,10,2017,4,October,Sunday
2017-10-23,23,10,2017,4,October,Monday
2017-10-24,24,10,2017,4,October,Tuesday
2017-10-25,25,10,2017,4,October,Wednesday
2017-10-26,26,10,2017,4,October,Thursday
2017-10-27,27,10,2017,4,October,Friday
2017-10-28,28,10,2017,4,October,Saturday
2017-10-29,29,10,2017,4,October,Sunday
2017-10-30,30,10,2017,4,October,Monday
2017-10-31,31,10,2017,4,October,Tuesday
2017-11-01,1,11,2017,4,November,Wednesday
2017-11-02,2,11,2017,4,November,Thursday
2017-11-03,3,11,2017,4,November,Friday
2017-11-04,4,11,2017,4,November,Saturday
2017-11-05,5,11,2017,4,November,Sunday
2017-11-06,6,11,2017,4,November,Monday
2017-11-07,7,11,2017,4,November,Tuesday
2017-11-08,8,11,2017,4,November,Wednesday
2017-11-09,9,11,2017,4,November,Thursday
2017-11-10,10,11,2017,4,November,Friday
2017-11-11,11,11,2017,4,November,Saturday
2017-11-12,12,11,2017,4,November,Sunday
2017-11-13,13,11,2017,4,November,Monday
2017-11-14,14,11,2017,4,November,Tuesday
2017-11-15,15,11,2017,4,November,Wednesday
2017-11-16,16,11,2017,4,November,Thursday
2017-11-17,17,11,2017,4,November,Friday
2017-11-18,18,11,2017,4,November,Saturday
2017-11-19,19,11,2017,4,November,Sunday
2017-11-20,20,11,2017,4,November,Monday
2017-11-21,21,11,2017,4,November,Tuesday
2017-11-22,22,11,2017,4,November,Wednesday
2017-11-23,23,11,2017,4,November,Thursday
2017-11-24,24,11,2017,4,November,Friday
2017-11-25,25,11,2017,4,November,Saturday
2017-11-26,26,11,2017,4,November,Sunday
2017-11-27,27,11,2017,4,November,Monday
2017-11-28,28,11,2017,4,November,Tuesday
2017-11-29,29,11,2017,4,November,Wednesday
2017-11-30,30,11,2017,4,November,Thursday
2017-12-01,1,12,2017,4,December,Friday
2017-12-02,2,12,2017,4,December,Saturday
2017-12-03,3,12,2017,4,December,Sunday
2017-12-04,4,12,2017,4,December,Monday
2017-12-05,5,12,2017,4,December,Tuesday
2017-12-06,6,12,2017,4,December,Wednesday
2017-12-07,7,12,2017,4,December,Thursday
2017-12-08,8,12,2017,4,December,Friday
2017-12-09,9,12,2017,4,December,Saturday
2017-12-10,10,12,2017,4,December,Sunday
2017-12-11,11,12,2017,4,December,Monday
2017-12-12,12,12,2017,4,December,Tuesday
2017-12-13,13,12,2017,4,December,Wednesday
2017-12-14,14,12,2017,4,December,Thursday
2017-12-15,15,12,2017,4,December,Friday
2017-12-16,16,12,2017,4,December,Saturday
2017-12-17,17,12,2017,4,December,Sunday
2017-12-18,18,12,2017,4,December,Monday
2017-12-19,19,12,2017,4,December,Tuesday
2017-12-20,20,12,2017,4,December,Wednesday
2017-12-21,21,12,2017,4,December,Thursday
2017-12-22,22,12,2017,4,December,Friday
2017-12-23,23,12,2017,4,December,Saturday
2017-12-24,24,12,2017,4,December,Sunday
2017-12-25,25,12,2017,4,December,Monday
2017-12-26,26,12,2017,4,December,Tuesday
2017-12-27,27,12,2017,4,December,Wednesday
2017-12-28,28,12,2017,4,December,Thursday
2017-12-29,29,12,2017,4,December,Friday
2017-12-30,30,12,2017,4,December,Saturday
2017-12-31,31,12,2017,4,December,Sunday
2018-01-01,1,1,2018,1,January,Monday
2018-01-02,2,1,2018,1,January,Tuesday
2018-01-03,3,1,2018,1,January,Wednesday
2018-01-04,4,1,2018,1,January,Thursday
2018-01-05,5,1,2018,1,January,Friday
2018-01-06,6,1,2018,1,January,Saturday
2018-01-07,7,1,2018,1,January,Sunday
2018-01-08,8,1,2018,1,January,Monday
2018-01-09,9,1,2018,1,January,Tuesday
2018-01-10,10,1,2018,1,January,Wednesday
2018-01-11,11,1,2018,1,January,Thursday
2018-01-12,12,1,2018,1,January,Friday
2018-01-13,13,1,2018,1,January,Saturday
2018-01-14,14,1,2018,1,January,Sunday
2018-01-15,15,1,2018,1,January,Monday
2018-01-16,16,1,2018,1,January,Tuesday
2018-01-17,17,1,2018,1,January,Wednesday
2018-01-18,18,1,2018,1,January,Thursday
2018-01-19,19,1,2018,1,January,Friday
2018-01-20,20,1,2018,1,January,Saturday
2018-01-21,21,1,2018,1,January,Sunday
2018-01-22,22,1,2018,1,January,Monday
2018-01-23,23,1,2018,1,January,Tuesday
2018-01-24,24,1,2018,1,January,Wednesday
2018-01-25,25,1,2018,1,January,Thursday
2018-01-26,26,1,2018,1,January,Friday
2018-01-27,27,1,2018,1,January,Saturday
2018-01-28,28,1,2018,1,January,Sunday
2018-01-29,29,1,2018,1,January,Monday
2018-01-30,30,1,2018,1,January,Tuesday
2018-01-31,31,1,2018,1,January,Wednesday
2018-02-01,1,2,2018,1,February,Thursday
2018-02-02,2,2,2018,1,February,Friday
2018-02-03,3,2,2018,1,February,Saturday
2018-02-04,4,2,2018,1,February,Sunday
2018-02-05,5,2,2018,1,February,Monday
2018-02-06,6,2,2018,1,February,Tuesday
2018-02-07,7,2,2018,1,February,Wednesday
2018-02-08,8,2,2018,1,February,Thursday
2018-02-09,9,2,2018,1,February,Friday
2018-02-10,10,2,2018,1,February,Saturday
2018-02-11,11,2,2018,1,February,Sunday
2018-02-12,12,2,2018,1,February,Monday
2018-02-13,13,2,2018,1,February,Tuesday
2018-02-14,14,2,2018,1,February,Wednesday
2018-02-15,15,2,2018,1,February,Thursday
2018-02-16,16,2,2018,1,February,Friday
2018-02-17,17,2,2018,1,February,Saturday
2018-02-18,18,2,2018,1,February,Sunday
2018-02-19,19,2,2018,1,February,Monday
2018-02-20,20,2,2018,1,February,Tuesday
2018-02-21,21,2,2018,1,February,Wednesday
2018-02-22,22,2,2018,1,February,Thursday
2018-02-23,23,2,2018,1,February,Friday
2018-02-24,24,2,2018,1,February,Saturday
2018-02-25,25,2,2018,1,February,Sunday
2018-02-26,26,2,2018,1,February,Monday
2018-02-27,27,2,2018,1,February,Tuesday
2018-02-28,28,2,2018,1,February,Wednesday
2018-03-01,1,3,2018,1,March,Thursday
2018-03-02,2,3,2018,1,March,Friday
2018-03-03,3,3,2018,1,March,Saturday
2018-03-04,4,3,2018,1,March,Sunday
2018-03-05,5,3,2018,1,March,Monday
2018-03-06,6,3,2018,1,March,Tuesday
2018-03-07,7,3,2018,1,March,Wednesday
2018-03-08,8,3,2018,1,March,Thursday
2018-03-09,9,3,2018,1,March,Friday
2018-03-10,10,3,2018,1,March,Saturday
2018-03-11,11,3,2018,1,March,Sunday
2018-03-12,12,3,2018,1,March,Monday
2018-03-13,13,3,2018,1,March,Tuesday
2018-03-14,14,3,2018,1,March,Wednesday
2018-03-15,15,3,2018,1,March,Thursday
2018-03-16,16,3,2018,1,March,Friday
2018-03-17,17,3,2018,1,March,Saturday
2018-03-18,18,3,2018,1,March,Sunday
2018-03-19,19,3,2018,1,March,Monday
2018-03-20,20,3,2018,1,March,Tuesday
2018-03-21,21,3,2018,1,March,Wednesday
2018-03-22,22,3,2018,1,March,Thursday
2018-03-23,23,3,2018,1,March,Friday
2018-03-24,24,3,2018,1,March,Saturday
2018-03-25,25,3,2018,1,March,Sunday
2018-03-26,26,3,2018,1,March,Monday
2018-03-27,27,3,2018,1,March,Tuesday
2018-03-28,28,3,2018,1,March,Wednesday
2018-03-29,29,3,2018,1,March,Thursday
2018-03-30,30,3,2018,1,March,Friday
2018-03-31,31,3,2018,1,March,Saturday
2018-04-01,1,4,2018,2,April,Sunday
2018-04-02,2,4,2018,2,April,Monday
2018-04-03,3,4,2018,2,April,Tuesday
2018-04-04,4,4,2018,2,April,Wednesday
2018-04-05,5,4,2018,2,April,Thursday
2018-04-06,6,4,2018,2,April,Friday
2018-04-07,7,4,2018,2,April,Saturday
2018-04-08,8,4,2018,2,April,Sunday
2018-04-09,9,4,2018,2,April,Monday
2018-04-10,10,4,2018,2,April,Tuesday
2018-04-11,11,4,2018,2,April,Wednesday
2018-04-12,12,4,2018,2,April,Thursday
2018-04-13,13,4,2018,2,April,Friday
2018-04-14,14,4,2018,2,April,Saturday
2018-04-15,15,4,2018,2,April,Sunday
2018-04-16,16,4,2018,2,April,Monday
2018-04-17,17,4,2018,2,April,Tuesday
2018-04-18,18,4,2018,2,April,Wednesday
2018-04-19,19,4,2018,2,April,Thursday
2018-04-20,20,4,2018,2,April,Friday
2018-04-21,21,4,2018,2,April,Saturday
2018-04-22,22,4,2018,2,April,Sunday
2018-04-23,23,4,2018,2,April,Monday
2018-04-24,24,4,2018,2,April,Tuesday
2018-04-25,25,4,2018,2,April,Wednesday
2018-04-26,26,4,2018,2,April,Thursday
2018-04-27,27,4,2018,2,April,Friday
2018-04-28,28,4,2018,2,April,Saturday
2018-04-29,29,4,2018,2,April,Sunday
2018-04-30,30,4,2018,2,April,Monday
2018-05-01,1,5,2018,2,May,Tuesday
2018-05-02,2,5,2018,2,May,Wednesday
2018-05-03,3,5,2018,2,May,Thursday
2018-05-04,4,5,2018,2,May,Friday
2018-05-05,5,5,2018,2,May,Saturday
2018-05-06,6,5,2018,2,May,Sunday
2018-05-07,7,5,2018,2,May,Monday
2018-05-08,8,5,2018,2,May,Tuesday
2018-05-09,9,5,2018,2,May,Wednesday
2018-05-10,10,5,2018,2,May,Thursday
2018-05-11,11,5,2018,2,May,Friday
2018-05-12,12,5,2018,2,May,Saturday
2018-05-13,13,5,2018,2,May,Sunday
2018-05-14,14,5,2018,2,May,Monday
2018-05-15,15,5,2018,2,May,Tuesday
2018-05-16,16,5,2018,2,May,Wednesday
2018-05-17,17,5,2018,2,May,Thursday
2018-05-18,18,5,2018,2,May,Friday
2018-05-19,19,5,2018,2,May,Saturday
2018-05-20,20,5,2018,2,May,Sunday
2018-05-21,21,5,2018,2,May,Monday
2018-05-22,22,5,2018,2,May,Tuesday
2018-05-23,23,5,2018,2,May,Wednesday
2018-05-24,24,5,2018,2,May,Thursday
2018-05-25,25,5,2018,2,May,Friday
2018-05-26,26,5,2018,2,May,Saturday
2018-05-27,27,5,2018,2,May,Sunday
2018-05-28,28,5,2018,2,May,Monday
2018-05-29,29,5,2018,2,May,Tuesday
2018-05-30,30,5,2018,2,May,Wednesday
2018-05-31,31,5,2018,2,May,Thursday
2018-06-01,1,6,2018,2,June,Friday
2018-06-02,2,6,2018,2,June,Saturday
2018-06-03,3,6,2018,2,June,Sunday
2018-06-04,4,6,2018,2,June,Monday
2018-06-05,5,6,2018,2,June,Tuesday
2018-06-06,6,6,2018,2,June,Wednesday
2018-06-07,7,6,2018,2,June,Thursday
2018-06-08,8,6,2018,2,June,Friday
2018-06-09,9,6,2018,2,June,Saturday
2018-06-10,10,6,2018,2,June,Sunday
2018-06-11,11,6,2018,2,June,Monday
2018-06-12,12,6,2018,2,June,Tuesday
2018-06-13,13,6,2018,2,June,Wednesday
2018-06-14,14,6,2018,2,June,Thursday
2018-06-15,15,6,2018,2,June,Friday
2018-06-16,16,6,2018,2,June,Saturday
2018-06-17,17,6,2018,2,June,Sunday
2018-06-18,18,6,2018,2,June,Monday
2018-06-19,19,6,2018,2,June,Tuesday
2018-06-20,20,6,2018,2,June,Wednesday
2018-06-21,21,6,2018,2,June,Thursday
2018-06-22,22,6,2018,2,June,Friday
2018-06-23,23,6,2018,2,June,Saturday
2018-06-24,24,6,2018,2,June,Sunday
2018-06-25,25,6,2018,2,June,Monday
2018-06-26,26,6,2018,2,June,Tuesday
2018-06-27,27,6,2018,2,June,Wednesday
2018-06-28,28,6,2018,2,June,Thursday
2018-06-29,29,6,2018,2,June,Friday
2018-06-30,30,6,2018,2,June,Saturday
2018-07-01,1,7,2018,3,July,Sunday
2018-07-02,2,7,2018,3,July,Monday
2018-07-03,3,7,2018,3,July,Tuesday
2018-07-04,4,7,2018,3,July,Wednesday
2018-07-05,5,7,2018,3,July,Thursday
2018-07-06,6,7,2018,3,July,Friday
2018-07-07,7,7,2018,3,July,Saturday
2018-07-08,8,7,2018,3,July,Sunday
2018-07-09,9,7,2018,3,July,Monday
2018-07-10,10,7,2018,3,July,Tuesday
2018-07-11,11,7,2018,3,July,Wednesday
2018-07-12,12,7,2018,3,July,Thursday
2018-07-13,13,7,2018,3,July,Friday
2018-07-14,14,7,2018,3,July,Saturday
2018-07-15,15,7,2018,3,July,Sunday
2018-07-16,16,7,2018,3,July,Monday
2018-07-17,17,7,2018,3,July,Tuesday
2018-07-18,18,7,2018,3,July,Wednesday
2018-07-19,19,7,2018,3,July,Thursday
2018-07-20,20,7,2018,3,July,Friday
2018-07-21,21,7,2018,3,July,Saturday
2018-07-22,22,7,2018,3,July,Sunday
2018-07-23,23,7,2018,3,July,Monday
2018-07-24,24,7,2018,3,July,Tuesday
2018-07-25,25,7,2018,3,July,Wednesday
2018-07-26,26,7,2018,3,July,Thursday
2018-07-27,27,7,2018,3,July,Friday
2018-07-28,28,7,2018,3,July,Saturday
2018-07-29,29,7,2018,3,July,Sunday
2018-07-30,30,7,2018,3,July,Monday
2018-07-31,31,7,2018,3,July,Tuesday
2018-08-01,1,8,2018,3,August,Wednesday
2018-08-02,2,8,2018,3,August,Thursday
2018-08-03,3,8,2018,3,August,Friday
2018-08-04,4,8,2018,3,August,Saturday
2018-08-05,5,8,2018,3,August,Sunday
2018-08-06,6,8,2018,3,August,Monday
2018-08-07,7,8,2018,3,August,Tuesday
2018-08-08,8,8,2018,3,August,Wednesday
2018-08-09,9,8,2018,3,August,Thursday
2018-08-10,10,8,2018,3,August,Friday
2018-08-11,11,8,2018,3,August,Saturday
2018-08-12,12,8,2018,3,August,Sunday
2018-08-13,13,8,2018,3,August,Monday
2018-08-14,14,8,2018,3,August,Tuesday
2018-08-15,15,8,2018,3,August,Wednesday
2018-08-16,16,8,2018,3,August,Thursday
2018-08-17,17,8,2018,3,August,Friday
2018-08-18,18,8,2018,3,August,Saturday
2018-08-19,19,8,2018,3,August,Sunday
2018-08-20,20,8,2018,3,August,Monday
2018-08-21,21,8,2018,3,August,Tuesday
2018-08-22,22,8,2018,3,August,Wednesday
2018-08-23,23,8,2018,3,August,Thursday
2018-08-24,24,8,2018,3,August,Friday
2018-08-25,25,8,2018,3,August,Saturday
2018-08-26,26,8,2018,3,August,Sunday
2018-08-27,27,8,2018,3,August,Monday
2018-08-28,28,8,2018,3,August,Tuesday
2018-08-29,29,8,2018,3,August,Wednesday
2018-08-30,30,8,2018,3,August,Thursday
2018-08-31,31,8,2018,3,August,Friday
2018-09-01,1,9,2018,3,September,Saturday
2018-09-02,2,9,2018,3,September,Sunday
2018-09-03,3,9,2018,3,September,Monday
2018-09-04,4,9,2018,3,September,Tuesday
2018-09-05,5,9,2018,3,September,Wednesday
2018-09-06,6,9,2018,3,September,Thursday
2018-09-07,7,9,2018,3,September,Friday
2018-09-08,8,9,2018,3,September,Saturday
2018-09-09,9,9,2018,3,September,Sunday
2018-09-10,10,9,2018,3,September,Monday
2018-09-11,11,9,2018,3,September,Tuesday
2018-09-12,12,9,2018,3,September,Wednesday
2018-09-13,13,9,2018,3,September,Thursday
2018-09-14,14,9,2018,3,September,Friday
2018-09-15,15,9,2018,3,September,Saturday
2018-09-16,16,9,2018,3,September,Sunday
2018-09-17,17,9,2018,3,September,Monday
2018-09-18,18,9,2018,3,September,Tuesday
2018-09-19,19,9,2018,3,September,Wednesday
2018-09-20,20,9,2018,3,September,Thursday
2018-09-21,21,9,2018,3,September,Friday
2018-09-22,22,9,2018,3,September,Saturday
2018-09-23,23,9,2018,3,September,Sunday
2018-09-24,24,9,2018,3,September,Monday
2018-09-25,25,9,2018,3,September,Tuesday
2018-09-26,26,9,2018,3,September,Wednesday
2018-09-27,27,9,2018,3,September,Thursday
2018-09-28,28,9,2018,3,September,Friday
2018-09-29,29,9,2018,3,September,Saturday
2018-09-30,30,9,2018,3,September,Sunday
2018-10-01,1,10,2018,4,October,Monday
2018-10-02,2,10,2018,4,October,Tuesday
2018-10-03,3,10,2018,4,October,Wednesday
2018-10-04,4,10,2018,4,October,Thursday
2018-10-05,5,10,2018,4,October,Friday
2018-10-06,6,10,2018,4,October,Saturday
2018-10-07,7,10,2018,4,October,Sunday
2018-10-08,8,10,2018,4,October,Monday
2018-10-09,9,10,2018,4,October,Tuesday
2018-10-10,10,10,2018,4,October,Wednesday
2018-10-11,11,10,2018,4,October,Thursday
2018-10-12,12,10,2018,4,October,Friday
2018-10-13,13,10,2018,4,October,Saturday
2018-10-14,14,10,2018,4,October,Sunday
2018-10-15,15,10,2018,4,October,Monday
2018-10-16,16,10,2018,4,October,Tuesday
2018-10-17,17,10,2018,4,October,Wednesday
2018-10-18,18,10,2018,4,October,Thursday
2018-10-19,19,10,2018,4,October,Friday
2018-10-20,20,10,2018,4,October,Saturday
2018-10-21,21,10,2018,4,October,Sunday
2018-10-22,22,10,2018,4,October,Monday
2018-10-23,23,10,2018,4,October,Tuesday
2018-10-24,24,10,2018,4,October,Wednesday
2018-10-25,25,10,2018,4,October,Thursday
2018-10-26,26,10,2018,4,October,Friday
2018-10-27,27,10,2018,4,October,Saturday
2018-10-28,28,10,2018,4,October,Sunday
2018-10-29,29,10,2018,4,October,Monday
2018-10-30,30,10,2018,4,October,Tuesday
2018-10-31,31,10,2018,4,October,Wednesday
2018-11-01,1,11,2018,4,November,Thursday
2018-11-02,2,11,2018,4,November,Friday
2018-11-03,3,11,2018,4,November,Saturday
2018-11-04,4,11,2018,4,November,Sunday
2018-11-05,5,11,2018,4,November,Monday
2018-11-06,6,11,2018,4,November,Tuesday
2018-11-07,7,11,2018,4,November,Wednesday
2018-11-08,8,11,2018,4,November,Thursday
2018-11-09,9,11,2018,4,November,Friday
2018-11-10,10,11,2018,4,November,Saturday
2018-11-11,11,11,2018,4,November,Sunday
2018-11-12,12,11,2018,4,November,Monday
2018-11-13,13,11,2018,4,November,Tuesday
2018-11-14,14,11,2018,4,November,Wednesday
2018-11-15,15,11,2018,4,November,Thursday
2018-11-16,16,11,2018,4,November,Friday
2018-11-17,17,11,2018,4,November,Saturday
2018-11-18,18,11,2018,4,November,Sunday
2018-11-19,19,11,2018,4,November,Monday
2018-11-20,20,11,2018,4,November,Tuesday
2018-11-21,21,11,2018,4,November,Wednesday
2018-11-22,22,11,2018,4,November,Thursday
2018-11-23,23,11,2018,4,November,Friday
2018-11-24,24,11,2018,4,November,Saturday
2018-11-25,25,11,2018,4,November,Sunday
2018-11-26,26,11,2018,4,November,Monday
2018-11-27,27,11,2018,4,November,Tuesday
2018-11-28,28,11,2018,4,November,Wednesday
2018-11-29,29,11,2018,4,November,Thursday
2018-11-30,30,11,2018,4,November,Friday
2018-12-01,1,12,2018,4,December,Saturday
2018-12-02,2,12,2018,4,December,Sunday
2018-12-03,3,12,2018,4,December,Monday
2018-12-04,4,12,2018,4,December,Tuesday
2018-12-05,5,12,2018,4,December,Wednesday
2018-12-06,6,12,2018,4,December,Thursday
2018-12-07,7,12,2018,4,December,Friday
2018-12-08,8,12,2018,4,December,Saturday
2018-12-09,9,12,2018,4,December,Sunday
2018-12-10,10,12,2018,4,December,Monday
2018-12-11,11,12,2018,4,December,Tuesday
2018-12-12,12,12,2018,4,December,Wednesday
2018-12-13,13,12,2018,4,December,Thursday
2018-12-14,14,12,2018,4,December,Friday
2018-12-15,15,12,2018,4,December,Saturday
2018-12-16,16,12,2018,4,December,Sunday
2018-12-17,17,12,2018,4,December,Monday
2018-12-18,18,12,2018,4,December,Tuesday
2018-12-19,19,12,2018,4,December,Wednesday
2018-12-20,20,12,2018,4,December,Thursday
2018-12-21,21,12,2018,4,December,Friday
2018-12-22,22,12,2018,4,December,Saturday
2018-12-23,23,12,2018,4,December,Sunday
2018-12-24,24,12,2018,4,December,Monday
2018-12-25,25,12,2018,4,December,Tuesday
2018-12-26,26,12,2018,4,December,Wednesday
2018-12-27,27,12,2018,4,December,Thursday
2018-12-28,28,12,2018,4,December,Friday
2018-12-29,29,12,2018,4,December,Saturday
2018-12-30,30,12,2018,4,December,Sunday
2018-12-31,31,12,2018,4,December,Monday
2019-01-01,1,1,2019,1,January,Tuesday
2019-01-02,2,1,2019,1,January,Wednesday
2019-01-03,3,1,2019,1,January,Thursday
2019-01-04,4,1,2019,1,January,Friday
2019-01-05,5,1,2019,1,January,Saturday
